ACCOUNT_ID,ACCOUNT_CD,RATE_START_DATE,RATE_END_DATE,SIC_CODE,INSERT_DATE,SIGN_DATE,ACCOUNT_STATUS,CREDIT_HISTORY
1,A_1,8/29/12,8/29/12,unknown,8/29/12,8/29/12,unknown,A
2,A_2,8/29/12,8/29/12,unknown,8/29/12,8/29/12,unknown,A
3,A_3,8/29/12,8/29/12,unknown,8/29/12,8/29/12,unknown,A
4,A_4,8/29/12,8/29/12,unknown,8/29/12,8/29/12,unknown,A
5,A_5,8/29/12,8/29/12,unknown,8/29/12,8/29/12,unknown,A
6,A_6,8/29/12,8/29/12,unknown,8/29/12,8/29/12,unknown,A
7,A_7,8/29/12,8/29/12,unknown,8/29/12,8/29/12,unknown,B
8,A_8,8/29/12,8/29/12,unknown,8/29/12,8/29/12,unknown,A
9,A_9,8/29/12,8/29/12,unknown,8/29/12,8/29/12,unknown,A
10,A_10,8/29/12,8/29/12,unknown,8/29/12,8/29/12,unknown,A
11,A_11,8/29/12,8/29/12,unknown,8/29/12,8/29/12,unknown,A
12,A_12,8/29/12,8/29/12,unknown,8/29/12,8/29/12,unknown,B
13,A_13,8/29/12,8/29/12,unknown,8/29/12,8/29/12,unknown,A
14,A_14,8/29/12,8/29/12,unknown,8/29/12,8/29/12,unknown,A
15,A_15,8/29/12,8/29/12,unknown,8/29/12,8/29/12,unknown,A
16,A_16,8/29/12,8/29/12,unknown,8/29/12,8/29/12,unknown,A
17,A_17,8/29/12,8/29/12,unknown,8/29/12,8/29/12,unknown,A
18,A_18,8/29/12,8/29/12,unknown,8/29/12,8/29/12,unknown,A
19,A_19,8/29/12,8/29/12,unknown,8/29/12,8/29/12,unknown,A
20,A_20,8/29/12,8/29/12,unknown,8/29/12,8/29/12,unknown,A
21,A_21,8/29/12,8/29/12,unknown,8/29/12,8/29/12,unknown,A
22,A_22,8/29/12,8/29/12,unknown,8/29/12,8/29/12,unknown,E
23,A_23,8/29/12,8/29/12,unknown,8/29/12,8/29/12,unknown,A
24,A_24,8/29/12,8/29/12,unknown,8/29/12,8/29/12,unknown,A
25,A_25,8/29/12,8/29/12,unknown,8/29/12,8/29/12,unknown,A
26,A_26,8/29/12,8/29/12,unknown,8/29/12,8/29/12,unknown,D
27,A_27,8/29/12,8/29/12,unknown,8/29/12,8/29/12,unknown,A
28,A_28,8/29/12,8/29/12,unknown,8/29/12,8/29/12,unknown,A
29,A_29,8/29/12,8/29/12,unknown,8/29/12,8/29/12,unknown,A
30,A_30,8/29/12,8/29/12,unknown,8/29/12,8/29/12,unknown,A
31,A_31,8/29/12,8/29/12,unknown,8/29/12,8/29/12,unknown,A
32,A_32,8/29/12,8/29/12,unknown,8/29/12,8/29/12,unknown,A
33,A_33,8/29/12,8/29/12,unknown,8/29/12,8/29/12,unknown,A
34,A_34,8/29/12,8/29/12,unknown,8/29/12,8/29/12,unknown,A
35,A_35,8/29/12,8/29/12,unknown,8/29/12,8/29/12,unknown,A
36,A_36,8/29/12,8/29/12,unknown,8/29/12,8/29/12,unknown,A
37,A_37,8/29/12,8/29/12,unknown,8/29/12,8/29/12,unknown,A
38,A_38,8/29/12,8/29/12,unknown,8/29/12,8/29/12,unknown,A
39,A_39,8/29/12,8/29/12,unknown,8/29/12,8/29/12,unknown,A
40,A_40,8/29/12,8/29/12,unknown,8/29/12,8/29/12,unknown,A
41,A_41,8/29/12,8/29/12,unknown,8/29/12,8/29/12,unknown,A
42,A_42,8/29/12,8/29/12,unknown,8/29/12,8/29/12,unknown,A
43,A_43,8/29/12,8/29/12,unknown,8/29/12,8/29/12,unknown,A
44,A_44,8/29/12,8/29/12,unknown,8/29/12,8/29/12,unknown,A
45,A_45,8/29/12,8/29/12,unknown,8/29/12,8/29/12,unknown,E
46,A_46,8/29/12,8/29/12,unknown,8/29/12,8/29/12,unknown,A
47,A_47,8/29/12,8/29/12,unknown,8/29/12,8/29/12,unknown,A
48,A_48,8/29/12,8/29/12,unknown,8/29/12,8/29/12,unknown,A
49,A_49,8/29/12,8/29/12,unknown,8/29/12,8/29/12,unknown,A
50,A_50,8/29/12,8/29/12,unknown,8/29/12,8/29/12,unknown,A
51,A_51,8/29/12,8/29/12,unknown,8/29/12,8/29/12,unknown,A
52,A_52,8/29/12,8/29/12,unknown,8/29/12,8/29/12,unknown,A
53,A_53,8/29/12,8/29/12,unknown,8/29/12,8/29/12,unknown,A
54,A_54,8/29/12,8/29/12,unknown,8/29/12,8/29/12,unknown,B
55,A_55,8/29/12,8/29/12,unknown,8/29/12,8/29/12,unknown,A
56,A_56,8/29/12,8/29/12,unknown,8/29/12,8/29/12,unknown,A
57,A_57,8/29/12,8/29/12,unknown,8/29/12,8/29/12,unknown,A
58,A_58,8/29/12,8/29/12,unknown,8/29/12,8/29/12,unknown,A
59,A_59,8/29/12,8/29/12,unknown,8/29/12,8/29/12,unknown,A
60,A_60,8/29/12,8/29/12,unknown,8/29/12,8/29/12,unknown,A
61,A_61,8/29/12,8/29/12,unknown,8/29/12,8/29/12,unknown,A
62,A_62,8/29/12,8/29/12,unknown,8/29/12,8/29/12,unknown,A
63,A_63,8/29/12,8/29/12,unknown,8/29/12,8/29/12,unknown,A
64,A_64,8/29/12,8/29/12,unknown,8/29/12,8/29/12,unknown,C
65,A_65,8/29/12,8/29/12,unknown,8/29/12,8/29/12,unknown,A
66,A_66,8/29/12,8/29/12,unknown,8/29/12,8/29/12,unknown,E
67,A_67,8/29/12,8/29/12,unknown,8/29/12,8/29/12,unknown,A
68,A_68,8/29/12,8/29/12,unknown,8/29/12,8/29/12,unknown,A
69,A_69,8/29/12,8/29/12,unknown,8/29/12,8/29/12,unknown,A
70,A_70,8/29/12,8/29/12,unknown,8/29/12,8/29/12,unknown,A
71,A_71,8/29/12,8/29/12,unknown,8/29/12,8/29/12,unknown,A
72,A_72,8/29/12,8/29/12,unknown,8/29/12,8/29/12,unknown,A
73,A_73,8/29/12,8/29/12,unknown,8/29/12,8/29/12,unknown,A
74,A_74,8/29/12,8/29/12,unknown,8/29/12,8/29/12,unknown,A
75,A_75,8/29/12,8/29/12,unknown,8/29/12,8/29/12,unknown,A
76,A_76,8/29/12,8/29/12,unknown,8/29/12,8/29/12,unknown,A
77,A_77,8/29/12,8/29/12,unknown,8/29/12,8/29/12,unknown,A
78,A_78,8/29/12,8/29/12,unknown,8/29/12,8/29/12,unknown,B
79,A_79,8/29/12,8/29/12,unknown,8/29/12,8/29/12,unknown,A
80,A_80,8/29/12,8/29/12,unknown,8/29/12,8/29/12,unknown,A
81,A_81,8/29/12,8/29/12,unknown,8/29/12,8/29/12,unknown,B
82,A_82,8/29/12,8/29/12,unknown,8/29/12,8/29/12,unknown,A
83,A_83,8/29/12,8/29/12,unknown,8/29/12,8/29/12,unknown,A
84,A_84,8/29/12,8/29/12,unknown,8/29/12,8/29/12,unknown,A
85,A_85,8/29/12,8/29/12,unknown,8/29/12,8/29/12,unknown,A
86,A_86,8/29/12,8/29/12,unknown,8/29/12,8/29/12,unknown,A
87,A_87,8/29/12,8/29/12,unknown,8/29/12,8/29/12,unknown,A
88,A_88,8/29/12,8/29/12,unknown,8/29/12,8/29/12,unknown,A
89,A_89,8/29/12,8/29/12,unknown,8/29/12,8/29/12,unknown,A
90,A_90,8/29/12,8/29/12,unknown,8/29/12,8/29/12,unknown,A
91,A_91,8/29/12,8/29/12,unknown,8/29/12,8/29/12,unknown,A
92,A_92,8/29/12,8/29/12,unknown,8/29/12,8/29/12,unknown,A
93,A_93,8/29/12,8/29/12,unknown,8/29/12,8/29/12,unknown,A
94,A_94,8/29/12,8/29/12,unknown,8/29/12,8/29/12,unknown,B
95,A_95,8/29/12,8/29/12,unknown,8/29/12,8/29/12,unknown,A
96,A_96,8/29/12,8/29/12,unknown,8/29/12,8/29/12,unknown,A
97,A_97,8/29/12,8/29/12,unknown,8/29/12,8/29/12,unknown,A
98,A_98,8/29/12,8/29/12,unknown,8/29/12,8/29/12,unknown,A
99,A_99,8/29/12,8/29/12,unknown,8/29/12,8/29/12,unknown,A
100,A_100,8/29/12,8/29/12,unknown,8/29/12,8/29/12,unknown,A
101,A_101,8/29/12,8/29/12,unknown,8/29/12,8/29/12,unknown,A
102,A_102,8/29/12,8/29/12,unknown,8/29/12,8/29/12,unknown,A
103,A_103,8/29/12,8/29/12,unknown,8/29/12,8/29/12,unknown,A
104,A_104,8/29/12,8/29/12,unknown,8/29/12,8/29/12,unknown,A
105,A_105,8/29/12,8/29/12,unknown,8/29/12,8/29/12,unknown,A
106,A_106,8/29/12,8/29/12,unknown,8/29/12,8/29/12,unknown,A
107,A_107,8/29/12,8/29/12,unknown,8/29/12,8/29/12,unknown,A
108,A_108,8/29/12,8/29/12,unknown,8/29/12,8/29/12,unknown,A
109,A_109,8/29/12,8/29/12,unknown,8/29/12,8/29/12,unknown,A
110,A_110,8/29/12,8/29/12,unknown,8/29/12,8/29/12,unknown,A
111,A_111,8/29/12,8/29/12,unknown,8/29/12,8/29/12,unknown,A
112,A_112,8/29/12,8/29/12,unknown,8/29/12,8/29/12,unknown,A
113,A_113,8/29/12,8/29/12,unknown,8/29/12,8/29/12,unknown,A
114,A_114,8/29/12,8/29/12,unknown,8/29/12,8/29/12,unknown,A
115,A_115,8/29/12,8/29/12,unknown,8/29/12,8/29/12,unknown,A
116,A_116,8/29/12,8/29/12,unknown,8/29/12,8/29/12,unknown,A
117,A_117,8/29/12,8/29/12,unknown,8/29/12,8/29/12,unknown,A
118,A_118,8/29/12,8/29/12,unknown,8/29/12,8/29/12,unknown,A
119,A_119,8/29/12,8/29/12,unknown,8/29/12,8/29/12,unknown,A
120,A_120,8/29/12,8/29/12,unknown,8/29/12,8/29/12,unknown,A
121,A_121,8/29/12,8/29/12,unknown,8/29/12,8/29/12,unknown,A
122,A_122,8/29/12,8/29/12,unknown,8/29/12,8/29/12,unknown,A
123,A_123,8/29/12,8/29/12,unknown,8/29/12,8/29/12,unknown,A
124,A_124,8/29/12,8/29/12,unknown,8/29/12,8/29/12,unknown,A
125,A_125,8/29/12,8/29/12,unknown,8/29/12,8/29/12,unknown,A
126,A_126,8/29/12,8/29/12,unknown,8/29/12,8/29/12,unknown,A
127,A_127,8/29/12,8/29/12,unknown,8/29/12,8/29/12,unknown,B
128,A_128,8/29/12,8/29/12,unknown,8/29/12,8/29/12,unknown,A
129,A_129,8/29/12,8/29/12,unknown,8/29/12,8/29/12,unknown,A
130,A_130,8/29/12,8/29/12,unknown,8/29/12,8/29/12,unknown,E
131,A_131,8/29/12,8/29/12,unknown,8/29/12,8/29/12,unknown,A
132,A_132,8/29/12,8/29/12,unknown,8/29/12,8/29/12,unknown,A
133,A_133,8/29/12,8/29/12,unknown,8/29/12,8/29/12,unknown,A
134,A_134,8/29/12,8/29/12,unknown,8/29/12,8/29/12,unknown,A
135,A_135,8/29/12,8/29/12,unknown,8/29/12,8/29/12,unknown,A
136,A_136,8/29/12,8/29/12,unknown,8/29/12,8/29/12,unknown,A
137,A_137,8/29/12,8/29/12,unknown,8/29/12,8/29/12,unknown,C
138,A_138,8/29/12,8/29/12,unknown,8/29/12,8/29/12,unknown,A
139,A_139,8/29/12,8/29/12,unknown,8/29/12,8/29/12,unknown,A
140,A_140,8/29/12,8/29/12,unknown,8/29/12,8/29/12,unknown,A
141,A_141,8/29/12,8/29/12,unknown,8/29/12,8/29/12,unknown,B
142,A_142,8/29/12,8/29/12,unknown,8/29/12,8/29/12,unknown,A
143,A_143,8/29/12,8/29/12,unknown,8/29/12,8/29/12,unknown,A
144,A_144,8/29/12,8/29/12,unknown,8/29/12,8/29/12,unknown,A
145,A_145,8/29/12,8/29/12,unknown,8/29/12,8/29/12,unknown,A
146,A_146,8/29/12,8/29/12,unknown,8/29/12,8/29/12,unknown,A
147,A_147,8/29/12,8/29/12,unknown,8/29/12,8/29/12,unknown,A
148,A_148,8/29/12,8/29/12,unknown,8/29/12,8/29/12,unknown,A
149,A_149,8/29/12,8/29/12,unknown,8/29/12,8/29/12,unknown,A
150,A_150,8/29/12,8/29/12,unknown,8/29/12,8/29/12,unknown,A
151,A_151,8/29/12,8/29/12,unknown,8/29/12,8/29/12,unknown,A
152,A_152,8/29/12,8/29/12,unknown,8/29/12,8/29/12,unknown,A
153,A_153,8/29/12,8/29/12,unknown,8/29/12,8/29/12,unknown,A
154,A_154,8/29/12,8/29/12,unknown,8/29/12,8/29/12,unknown,A
155,A_155,8/29/12,8/29/12,unknown,8/29/12,8/29/12,unknown,A
156,A_156,8/29/12,8/29/12,unknown,8/29/12,8/29/12,unknown,D
157,A_157,8/29/12,8/29/12,unknown,8/29/12,8/29/12,unknown,A
158,A_158,8/29/12,8/29/12,unknown,8/29/12,8/29/12,unknown,A
159,A_159,8/29/12,8/29/12,unknown,8/29/12,8/29/12,unknown,A
160,A_160,8/29/12,8/29/12,unknown,8/29/12,8/29/12,unknown,A
161,A_161,8/29/12,8/29/12,unknown,8/29/12,8/29/12,unknown,A
162,A_162,8/29/12,8/29/12,unknown,8/29/12,8/29/12,unknown,A
163,A_163,8/29/12,8/29/12,unknown,8/29/12,8/29/12,unknown,D
164,A_164,8/29/12,8/29/12,unknown,8/29/12,8/29/12,unknown,A
165,A_165,8/29/12,8/29/12,unknown,8/29/12,8/29/12,unknown,A
166,A_166,8/29/12,8/29/12,unknown,8/29/12,8/29/12,unknown,A
167,A_167,8/29/12,8/29/12,unknown,8/29/12,8/29/12,unknown,A
168,A_168,8/29/12,8/29/12,unknown,8/29/12,8/29/12,unknown,A
169,A_169,8/29/12,8/29/12,unknown,8/29/12,8/29/12,unknown,A
170,A_170,8/29/12,8/29/12,unknown,8/29/12,8/29/12,unknown,A
171,A_171,8/29/12,8/29/12,unknown,8/29/12,8/29/12,unknown,A
172,A_172,8/29/12,8/29/12,unknown,8/29/12,8/29/12,unknown,A
173,A_173,8/29/12,8/29/12,unknown,8/29/12,8/29/12,unknown,E
174,A_174,8/29/12,8/29/12,unknown,8/29/12,8/29/12,unknown,A
175,A_175,8/29/12,8/29/12,unknown,8/29/12,8/29/12,unknown,A
176,A_176,8/29/12,8/29/12,unknown,8/29/12,8/29/12,unknown,A
177,A_177,8/29/12,8/29/12,unknown,8/29/12,8/29/12,unknown,A
178,A_178,8/29/12,8/29/12,unknown,8/29/12,8/29/12,unknown,A
179,A_179,8/29/12,8/29/12,unknown,8/29/12,8/29/12,unknown,A
180,A_180,8/29/12,8/29/12,unknown,8/29/12,8/29/12,unknown,A
181,A_181,8/29/12,8/29/12,unknown,8/29/12,8/29/12,unknown,A
182,A_182,8/29/12,8/29/12,unknown,8/29/12,8/29/12,unknown,A
183,A_183,8/29/12,8/29/12,unknown,8/29/12,8/29/12,unknown,A
184,A_184,8/29/12,8/29/12,unknown,8/29/12,8/29/12,unknown,A
185,A_185,8/29/12,8/29/12,unknown,8/29/12,8/29/12,unknown,A
186,A_186,8/29/12,8/29/12,unknown,8/29/12,8/29/12,unknown,C
187,A_187,8/29/12,8/29/12,unknown,8/29/12,8/29/12,unknown,A
188,A_188,8/29/12,8/29/12,unknown,8/29/12,8/29/12,unknown,E
189,A_189,8/29/12,8/29/12,unknown,8/29/12,8/29/12,unknown,A
190,A_190,8/29/12,8/29/12,unknown,8/29/12,8/29/12,unknown,A
191,A_191,8/29/12,8/29/12,unknown,8/29/12,8/29/12,unknown,A
192,A_192,8/29/12,8/29/12,unknown,8/29/12,8/29/12,unknown,A
193,A_193,8/29/12,8/29/12,unknown,8/29/12,8/29/12,unknown,A
194,A_194,8/29/12,8/29/12,unknown,8/29/12,8/29/12,unknown,A
195,A_195,8/29/12,8/29/12,unknown,8/29/12,8/29/12,unknown,A
196,A_196,8/29/12,8/29/12,unknown,8/29/12,8/29/12,unknown,A
197,A_197,8/29/12,8/29/12,unknown,8/29/12,8/29/12,unknown,A
198,A_198,8/29/12,8/29/12,unknown,8/29/12,8/29/12,unknown,A
199,A_199,8/29/12,8/29/12,unknown,8/29/12,8/29/12,unknown,A
200,A_200,8/29/12,8/29/12,unknown,8/29/12,8/29/12,unknown,A
201,A_201,8/29/12,8/29/12,unknown,8/29/12,8/29/12,unknown,A
202,A_202,8/29/12,8/29/12,unknown,8/29/12,8/29/12,unknown,A
203,A_203,8/29/12,8/29/12,unknown,8/29/12,8/29/12,unknown,D
204,A_204,8/29/12,8/29/12,unknown,8/29/12,8/29/12,unknown,A
205,A_205,8/29/12,8/29/12,unknown,8/29/12,8/29/12,unknown,A
206,A_206,8/29/12,8/29/12,unknown,8/29/12,8/29/12,unknown,A
207,A_207,8/29/12,8/29/12,unknown,8/29/12,8/29/12,unknown,A
208,A_208,8/29/12,8/29/12,unknown,8/29/12,8/29/12,unknown,A
209,A_209,8/29/12,8/29/12,unknown,8/29/12,8/29/12,unknown,A
210,A_210,8/29/12,8/29/12,unknown,8/29/12,8/29/12,unknown,A
211,A_211,8/29/12,8/29/12,unknown,8/29/12,8/29/12,unknown,A
212,A_212,8/29/12,8/29/12,unknown,8/29/12,8/29/12,unknown,A
213,A_213,8/29/12,8/29/12,unknown,8/29/12,8/29/12,unknown,A
214,A_214,8/29/12,8/29/12,unknown,8/29/12,8/29/12,unknown,A
215,A_215,8/29/12,8/29/12,unknown,8/29/12,8/29/12,unknown,A
216,A_216,8/29/12,8/29/12,unknown,8/29/12,8/29/12,unknown,A
217,A_217,8/29/12,8/29/12,unknown,8/29/12,8/29/12,unknown,A
218,A_218,8/29/12,8/29/12,unknown,8/29/12,8/29/12,unknown,A
219,A_219,8/29/12,8/29/12,unknown,8/29/12,8/29/12,unknown,A
220,A_220,8/29/12,8/29/12,unknown,8/29/12,8/29/12,unknown,A
221,A_221,8/29/12,8/29/12,unknown,8/29/12,8/29/12,unknown,A
222,A_222,8/29/12,8/29/12,unknown,8/29/12,8/29/12,unknown,A
223,A_223,8/29/12,8/29/12,unknown,8/29/12,8/29/12,unknown,A
224,A_224,8/29/12,8/29/12,unknown,8/29/12,8/29/12,unknown,A
225,A_225,8/29/12,8/29/12,unknown,8/29/12,8/29/12,unknown,A
226,A_226,8/29/12,8/29/12,unknown,8/29/12,8/29/12,unknown,A
227,A_227,8/29/12,8/29/12,unknown,8/29/12,8/29/12,unknown,A
228,A_228,8/29/12,8/29/12,unknown,8/29/12,8/29/12,unknown,A
229,A_229,8/29/12,8/29/12,unknown,8/29/12,8/29/12,unknown,A
230,A_230,8/29/12,8/29/12,unknown,8/29/12,8/29/12,unknown,A
231,A_231,8/29/12,8/29/12,unknown,8/29/12,8/29/12,unknown,A
232,A_232,8/29/12,8/29/12,unknown,8/29/12,8/29/12,unknown,A
233,A_233,8/29/12,8/29/12,unknown,8/29/12,8/29/12,unknown,A
234,A_234,8/29/12,8/29/12,unknown,8/29/12,8/29/12,unknown,A
235,A_235,8/29/12,8/29/12,unknown,8/29/12,8/29/12,unknown,A
236,A_236,8/29/12,8/29/12,unknown,8/29/12,8/29/12,unknown,A
237,A_237,8/29/12,8/29/12,unknown,8/29/12,8/29/12,unknown,A
238,A_238,8/29/12,8/29/12,unknown,8/29/12,8/29/12,unknown,A
239,A_239,8/29/12,8/29/12,unknown,8/29/12,8/29/12,unknown,A
240,A_240,8/29/12,8/29/12,unknown,8/29/12,8/29/12,unknown,A
241,A_241,8/29/12,8/29/12,unknown,8/29/12,8/29/12,unknown,A
242,A_242,8/29/12,8/29/12,unknown,8/29/12,8/29/12,unknown,A
243,A_243,8/29/12,8/29/12,unknown,8/29/12,8/29/12,unknown,D
244,A_244,8/29/12,8/29/12,unknown,8/29/12,8/29/12,unknown,A
245,A_245,8/29/12,8/29/12,unknown,8/29/12,8/29/12,unknown,C
246,A_246,8/29/12,8/29/12,unknown,8/29/12,8/29/12,unknown,A
247,A_247,8/29/12,8/29/12,unknown,8/29/12,8/29/12,unknown,A
248,A_248,8/29/12,8/29/12,unknown,8/29/12,8/29/12,unknown,A
249,A_249,8/29/12,8/29/12,unknown,8/29/12,8/29/12,unknown,A
250,A_250,8/29/12,8/29/12,unknown,8/29/12,8/29/12,unknown,A
251,A_251,8/29/12,8/29/12,unknown,8/29/12,8/29/12,unknown,B
252,A_252,8/29/12,8/29/12,unknown,8/29/12,8/29/12,unknown,A
253,A_253,8/29/12,8/29/12,unknown,8/29/12,8/29/12,unknown,A
254,A_254,8/29/12,8/29/12,unknown,8/29/12,8/29/12,unknown,A
255,A_255,8/29/12,8/29/12,unknown,8/29/12,8/29/12,unknown,A
256,A_256,8/29/12,8/29/12,unknown,8/29/12,8/29/12,unknown,A
257,A_257,8/29/12,8/29/12,unknown,8/29/12,8/29/12,unknown,A
258,A_258,8/29/12,8/29/12,unknown,8/29/12,8/29/12,unknown,A
259,A_259,8/29/12,8/29/12,unknown,8/29/12,8/29/12,unknown,A
260,A_260,8/29/12,8/29/12,unknown,8/29/12,8/29/12,unknown,A
261,A_261,8/29/12,8/29/12,unknown,8/29/12,8/29/12,unknown,A
262,A_262,8/29/12,8/29/12,unknown,8/29/12,8/29/12,unknown,A
263,A_263,8/29/12,8/29/12,unknown,8/29/12,8/29/12,unknown,A
264,A_264,8/29/12,8/29/12,unknown,8/29/12,8/29/12,unknown,A
265,A_265,8/29/12,8/29/12,unknown,8/29/12,8/29/12,unknown,A
266,A_266,8/29/12,8/29/12,unknown,8/29/12,8/29/12,unknown,A
267,A_267,8/29/12,8/29/12,unknown,8/29/12,8/29/12,unknown,D
268,A_268,8/29/12,8/29/12,unknown,8/29/12,8/29/12,unknown,A
269,A_269,8/29/12,8/29/12,unknown,8/29/12,8/29/12,unknown,A
270,A_270,8/29/12,8/29/12,unknown,8/29/12,8/29/12,unknown,A
271,A_271,8/29/12,8/29/12,unknown,8/29/12,8/29/12,unknown,A
272,A_272,8/29/12,8/29/12,unknown,8/29/12,8/29/12,unknown,B
273,A_273,8/29/12,8/29/12,unknown,8/29/12,8/29/12,unknown,A
274,A_274,8/29/12,8/29/12,unknown,8/29/12,8/29/12,unknown,A
275,A_275,8/29/12,8/29/12,unknown,8/29/12,8/29/12,unknown,A
276,A_276,8/29/12,8/29/12,unknown,8/29/12,8/29/12,unknown,A
277,A_277,8/29/12,8/29/12,unknown,8/29/12,8/29/12,unknown,B
278,A_278,8/29/12,8/29/12,unknown,8/29/12,8/29/12,unknown,A
279,A_279,8/29/12,8/29/12,unknown,8/29/12,8/29/12,unknown,A
280,A_280,8/29/12,8/29/12,unknown,8/29/12,8/29/12,unknown,A
281,A_281,8/29/12,8/29/12,unknown,8/29/12,8/29/12,unknown,A
282,A_282,8/29/12,8/29/12,unknown,8/29/12,8/29/12,unknown,A
283,A_283,8/29/12,8/29/12,unknown,8/29/12,8/29/12,unknown,A
284,A_284,8/29/12,8/29/12,unknown,8/29/12,8/29/12,unknown,A
285,A_285,8/29/12,8/29/12,unknown,8/29/12,8/29/12,unknown,A
286,A_286,8/29/12,8/29/12,unknown,8/29/12,8/29/12,unknown,A
287,A_287,8/29/12,8/29/12,unknown,8/29/12,8/29/12,unknown,A
288,A_288,8/29/12,8/29/12,unknown,8/29/12,8/29/12,unknown,A
289,A_289,8/29/12,8/29/12,unknown,8/29/12,8/29/12,unknown,A
290,A_290,8/29/12,8/29/12,unknown,8/29/12,8/29/12,unknown,A
291,A_291,8/29/12,8/29/12,unknown,8/29/12,8/29/12,unknown,A
292,A_292,8/29/12,8/29/12,unknown,8/29/12,8/29/12,unknown,A
293,A_293,8/29/12,8/29/12,unknown,8/29/12,8/29/12,unknown,A
294,A_294,8/29/12,8/29/12,unknown,8/29/12,8/29/12,unknown,A
295,A_295,8/29/12,8/29/12,unknown,8/29/12,8/29/12,unknown,B
296,A_296,8/29/12,8/29/12,unknown,8/29/12,8/29/12,unknown,A
297,A_297,8/29/12,8/29/12,unknown,8/29/12,8/29/12,unknown,A
298,A_298,8/29/12,8/29/12,unknown,8/29/12,8/29/12,unknown,A
299,A_299,8/29/12,8/29/12,unknown,8/29/12,8/29/12,unknown,A
300,A_300,8/29/12,8/29/12,unknown,8/29/12,8/29/12,unknown,A
301,A_301,8/29/12,8/29/12,unknown,8/29/12,8/29/12,unknown,A
302,A_302,8/29/12,8/29/12,unknown,8/29/12,8/29/12,unknown,A
303,A_303,8/29/12,8/29/12,unknown,8/29/12,8/29/12,unknown,A
304,A_304,8/29/12,8/29/12,unknown,8/29/12,8/29/12,unknown,A
305,A_305,8/29/12,8/29/12,unknown,8/29/12,8/29/12,unknown,A
306,A_306,8/29/12,8/29/12,unknown,8/29/12,8/29/12,unknown,A
307,A_307,8/29/12,8/29/12,unknown,8/29/12,8/29/12,unknown,A
308,A_308,8/29/12,8/29/12,unknown,8/29/12,8/29/12,unknown,A
309,A_309,8/29/12,8/29/12,unknown,8/29/12,8/29/12,unknown,A
310,A_310,8/29/12,8/29/12,unknown,8/29/12,8/29/12,unknown,B
311,A_311,8/29/12,8/29/12,unknown,8/29/12,8/29/12,unknown,A
312,A_312,8/29/12,8/29/12,unknown,8/29/12,8/29/12,unknown,C
313,A_313,8/29/12,8/29/12,unknown,8/29/12,8/29/12,unknown,A
314,A_314,8/29/12,8/29/12,unknown,8/29/12,8/29/12,unknown,A
315,A_315,8/29/12,8/29/12,unknown,8/29/12,8/29/12,unknown,A
316,A_316,8/29/12,8/29/12,unknown,8/29/12,8/29/12,unknown,A
317,A_317,8/29/12,8/29/12,unknown,8/29/12,8/29/12,unknown,D
318,A_318,8/29/12,8/29/12,unknown,8/29/12,8/29/12,unknown,A
319,A_319,8/29/12,8/29/12,unknown,8/29/12,8/29/12,unknown,A
320,A_320,8/29/12,8/29/12,unknown,8/29/12,8/29/12,unknown,A
321,A_321,8/29/12,8/29/12,unknown,8/29/12,8/29/12,unknown,E
322,A_322,8/29/12,8/29/12,unknown,8/29/12,8/29/12,unknown,A
323,A_323,8/29/12,8/29/12,unknown,8/29/12,8/29/12,unknown,A
324,A_324,8/29/12,8/29/12,unknown,8/29/12,8/29/12,unknown,A
325,A_325,8/29/12,8/29/12,unknown,8/29/12,8/29/12,unknown,A
326,A_326,8/29/12,8/29/12,unknown,8/29/12,8/29/12,unknown,A
327,A_327,8/29/12,8/29/12,unknown,8/29/12,8/29/12,unknown,C
328,A_328,8/29/12,8/29/12,unknown,8/29/12,8/29/12,unknown,A
329,A_329,8/29/12,8/29/12,unknown,8/29/12,8/29/12,unknown,A
330,A_330,8/29/12,8/29/12,unknown,8/29/12,8/29/12,unknown,A
331,A_331,8/29/12,8/29/12,unknown,8/29/12,8/29/12,unknown,B
332,A_332,8/29/12,8/29/12,unknown,8/29/12,8/29/12,unknown,B
333,A_333,8/29/12,8/29/12,unknown,8/29/12,8/29/12,unknown,A
334,A_334,8/29/12,8/29/12,unknown,8/29/12,8/29/12,unknown,A
335,A_335,8/29/12,8/29/12,unknown,8/29/12,8/29/12,unknown,A
336,A_336,8/29/12,8/29/12,unknown,8/29/12,8/29/12,unknown,A
337,A_337,8/29/12,8/29/12,unknown,8/29/12,8/29/12,unknown,A
338,A_338,8/29/12,8/29/12,unknown,8/29/12,8/29/12,unknown,A
339,A_339,8/29/12,8/29/12,unknown,8/29/12,8/29/12,unknown,A
340,A_340,8/29/12,8/29/12,unknown,8/29/12,8/29/12,unknown,A
341,A_341,8/29/12,8/29/12,unknown,8/29/12,8/29/12,unknown,A
342,A_342,8/29/12,8/29/12,unknown,8/29/12,8/29/12,unknown,A
343,A_343,8/29/12,8/29/12,unknown,8/29/12,8/29/12,unknown,A
344,A_344,8/29/12,8/29/12,unknown,8/29/12,8/29/12,unknown,A
345,A_345,8/29/12,8/29/12,unknown,8/29/12,8/29/12,unknown,A
346,A_346,8/29/12,8/29/12,unknown,8/29/12,8/29/12,unknown,A
347,A_347,8/29/12,8/29/12,unknown,8/29/12,8/29/12,unknown,A
348,A_348,8/29/12,8/29/12,unknown,8/29/12,8/29/12,unknown,A
349,A_349,8/29/12,8/29/12,unknown,8/29/12,8/29/12,unknown,A
350,A_350,8/29/12,8/29/12,unknown,8/29/12,8/29/12,unknown,A
351,A_351,8/29/12,8/29/12,unknown,8/29/12,8/29/12,unknown,A
352,A_352,8/29/12,8/29/12,unknown,8/29/12,8/29/12,unknown,A
353,A_353,8/29/12,8/29/12,unknown,8/29/12,8/29/12,unknown,A
354,A_354,8/29/12,8/29/12,unknown,8/29/12,8/29/12,unknown,A
355,A_355,8/29/12,8/29/12,unknown,8/29/12,8/29/12,unknown,A
356,A_356,8/29/12,8/29/12,unknown,8/29/12,8/29/12,unknown,A
357,A_357,8/29/12,8/29/12,unknown,8/29/12,8/29/12,unknown,A
358,A_358,8/29/12,8/29/12,unknown,8/29/12,8/29/12,unknown,A
359,A_359,8/29/12,8/29/12,unknown,8/29/12,8/29/12,unknown,A
360,A_360,8/29/12,8/29/12,unknown,8/29/12,8/29/12,unknown,A
361,A_361,8/29/12,8/29/12,unknown,8/29/12,8/29/12,unknown,E
362,A_362,8/29/12,8/29/12,unknown,8/29/12,8/29/12,unknown,E
363,A_363,8/29/12,8/29/12,unknown,8/29/12,8/29/12,unknown,A
364,A_364,8/29/12,8/29/12,unknown,8/29/12,8/29/12,unknown,A
365,A_365,8/29/12,8/29/12,unknown,8/29/12,8/29/12,unknown,A
366,A_366,8/29/12,8/29/12,unknown,8/29/12,8/29/12,unknown,A
367,A_367,8/29/12,8/29/12,unknown,8/29/12,8/29/12,unknown,C
368,A_368,8/29/12,8/29/12,unknown,8/29/12,8/29/12,unknown,A
369,A_369,8/29/12,8/29/12,unknown,8/29/12,8/29/12,unknown,A
370,A_370,8/29/12,8/29/12,unknown,8/29/12,8/29/12,unknown,A
371,A_371,8/29/12,8/29/12,unknown,8/29/12,8/29/12,unknown,A
372,A_372,8/29/12,8/29/12,unknown,8/29/12,8/29/12,unknown,A
373,A_373,8/29/12,8/29/12,unknown,8/29/12,8/29/12,unknown,A
374,A_374,8/29/12,8/29/12,unknown,8/29/12,8/29/12,unknown,A
375,A_375,8/29/12,8/29/12,unknown,8/29/12,8/29/12,unknown,A
376,A_376,8/29/12,8/29/12,unknown,8/29/12,8/29/12,unknown,A
377,A_377,8/29/12,8/29/12,unknown,8/29/12,8/29/12,unknown,A
378,A_378,8/29/12,8/29/12,unknown,8/29/12,8/29/12,unknown,A
379,A_379,8/29/12,8/29/12,unknown,8/29/12,8/29/12,unknown,A
380,A_380,8/29/12,8/29/12,unknown,8/29/12,8/29/12,unknown,A
381,A_381,8/29/12,8/29/12,unknown,8/29/12,8/29/12,unknown,A
382,A_382,8/29/12,8/29/12,unknown,8/29/12,8/29/12,unknown,A
383,A_383,8/29/12,8/29/12,unknown,8/29/12,8/29/12,unknown,A
384,A_384,8/29/12,8/29/12,unknown,8/29/12,8/29/12,unknown,A
385,A_385,8/29/12,8/29/12,unknown,8/29/12,8/29/12,unknown,A
386,A_386,8/29/12,8/29/12,unknown,8/29/12,8/29/12,unknown,A
387,A_387,8/29/12,8/29/12,unknown,8/29/12,8/29/12,unknown,A
388,A_388,8/29/12,8/29/12,unknown,8/29/12,8/29/12,unknown,A
389,A_389,8/29/12,8/29/12,unknown,8/29/12,8/29/12,unknown,A
390,A_390,8/29/12,8/29/12,unknown,8/29/12,8/29/12,unknown,A
391,A_391,8/29/12,8/29/12,unknown,8/29/12,8/29/12,unknown,A
392,A_392,8/29/12,8/29/12,unknown,8/29/12,8/29/12,unknown,A
393,A_393,8/29/12,8/29/12,unknown,8/29/12,8/29/12,unknown,A
394,A_394,8/29/12,8/29/12,unknown,8/29/12,8/29/12,unknown,A
395,A_395,8/29/12,8/29/12,unknown,8/29/12,8/29/12,unknown,A
396,A_396,8/29/12,8/29/12,unknown,8/29/12,8/29/12,unknown,A
397,A_397,8/29/12,8/29/12,unknown,8/29/12,8/29/12,unknown,A
398,A_398,8/29/12,8/29/12,unknown,8/29/12,8/29/12,unknown,A
399,A_399,8/29/12,8/29/12,unknown,8/29/12,8/29/12,unknown,A
400,A_400,8/29/12,8/29/12,unknown,8/29/12,8/29/12,unknown,A
401,A_401,8/29/12,8/29/12,unknown,8/29/12,8/29/12,unknown,B
402,A_402,8/29/12,8/29/12,unknown,8/29/12,8/29/12,unknown,A
403,A_403,8/29/12,8/29/12,unknown,8/29/12,8/29/12,unknown,A
404,A_404,8/29/12,8/29/12,unknown,8/29/12,8/29/12,unknown,A
405,A_405,8/29/12,8/29/12,unknown,8/29/12,8/29/12,unknown,A
406,A_406,8/29/12,8/29/12,unknown,8/29/12,8/29/12,unknown,A
407,A_407,8/29/12,8/29/12,unknown,8/29/12,8/29/12,unknown,E
408,A_408,8/29/12,8/29/12,unknown,8/29/12,8/29/12,unknown,A
409,A_409,8/29/12,8/29/12,unknown,8/29/12,8/29/12,unknown,A
410,A_410,8/29/12,8/29/12,unknown,8/29/12,8/29/12,unknown,A
411,A_411,8/29/12,8/29/12,unknown,8/29/12,8/29/12,unknown,A
412,A_412,8/29/12,8/29/12,unknown,8/29/12,8/29/12,unknown,E
413,A_413,8/29/12,8/29/12,unknown,8/29/12,8/29/12,unknown,B
414,A_414,8/29/12,8/29/12,unknown,8/29/12,8/29/12,unknown,A
415,A_415,8/29/12,8/29/12,unknown,8/29/12,8/29/12,unknown,A
416,A_416,8/29/12,8/29/12,unknown,8/29/12,8/29/12,unknown,A
417,A_417,8/29/12,8/29/12,unknown,8/29/12,8/29/12,unknown,A
418,A_418,8/29/12,8/29/12,unknown,8/29/12,8/29/12,unknown,A
419,A_419,8/29/12,8/29/12,unknown,8/29/12,8/29/12,unknown,A
420,A_420,8/29/12,8/29/12,unknown,8/29/12,8/29/12,unknown,A
421,A_421,8/29/12,8/29/12,unknown,8/29/12,8/29/12,unknown,A
422,A_422,8/29/12,8/29/12,unknown,8/29/12,8/29/12,unknown,A
423,A_423,8/29/12,8/29/12,unknown,8/29/12,8/29/12,unknown,A
424,A_424,8/29/12,8/29/12,unknown,8/29/12,8/29/12,unknown,A
425,A_425,8/29/12,8/29/12,unknown,8/29/12,8/29/12,unknown,E
426,A_426,8/29/12,8/29/12,unknown,8/29/12,8/29/12,unknown,A
427,A_427,8/29/12,8/29/12,unknown,8/29/12,8/29/12,unknown,A
428,A_428,8/29/12,8/29/12,unknown,8/29/12,8/29/12,unknown,A
429,A_429,8/29/12,8/29/12,unknown,8/29/12,8/29/12,unknown,A
430,A_430,8/29/12,8/29/12,unknown,8/29/12,8/29/12,unknown,A
431,A_431,8/29/12,8/29/12,unknown,8/29/12,8/29/12,unknown,A
432,A_432,8/29/12,8/29/12,unknown,8/29/12,8/29/12,unknown,A
433,A_433,8/29/12,8/29/12,unknown,8/29/12,8/29/12,unknown,A
434,A_434,8/29/12,8/29/12,unknown,8/29/12,8/29/12,unknown,A
435,A_435,8/29/12,8/29/12,unknown,8/29/12,8/29/12,unknown,A
436,A_436,8/29/12,8/29/12,unknown,8/29/12,8/29/12,unknown,A
437,A_437,8/29/12,8/29/12,unknown,8/29/12,8/29/12,unknown,A
438,A_438,8/29/12,8/29/12,unknown,8/29/12,8/29/12,unknown,A
439,A_439,8/29/12,8/29/12,unknown,8/29/12,8/29/12,unknown,A
440,A_440,8/29/12,8/29/12,unknown,8/29/12,8/29/12,unknown,A
441,A_441,8/29/12,8/29/12,unknown,8/29/12,8/29/12,unknown,A
442,A_442,8/29/12,8/29/12,unknown,8/29/12,8/29/12,unknown,A
443,A_443,8/29/12,8/29/12,unknown,8/29/12,8/29/12,unknown,E
444,A_444,8/29/12,8/29/12,unknown,8/29/12,8/29/12,unknown,A
445,A_445,8/29/12,8/29/12,unknown,8/29/12,8/29/12,unknown,A
446,A_446,8/29/12,8/29/12,unknown,8/29/12,8/29/12,unknown,A
447,A_447,8/29/12,8/29/12,unknown,8/29/12,8/29/12,unknown,A
448,A_448,8/29/12,8/29/12,unknown,8/29/12,8/29/12,unknown,A
449,A_449,8/29/12,8/29/12,unknown,8/29/12,8/29/12,unknown,A
450,A_450,8/29/12,8/29/12,unknown,8/29/12,8/29/12,unknown,A
451,A_451,8/29/12,8/29/12,unknown,8/29/12,8/29/12,unknown,A
452,A_452,8/29/12,8/29/12,unknown,8/29/12,8/29/12,unknown,A
453,A_453,8/29/12,8/29/12,unknown,8/29/12,8/29/12,unknown,A
454,A_454,8/29/12,8/29/12,unknown,8/29/12,8/29/12,unknown,A
455,A_455,8/29/12,8/29/12,unknown,8/29/12,8/29/12,unknown,A
456,A_456,8/29/12,8/29/12,unknown,8/29/12,8/29/12,unknown,A
457,A_457,8/29/12,8/29/12,unknown,8/29/12,8/29/12,unknown,A
458,A_458,8/29/12,8/29/12,unknown,8/29/12,8/29/12,unknown,A
459,A_459,8/29/12,8/29/12,unknown,8/29/12,8/29/12,unknown,E
460,A_460,8/29/12,8/29/12,unknown,8/29/12,8/29/12,unknown,A
461,A_461,8/29/12,8/29/12,unknown,8/29/12,8/29/12,unknown,A
462,A_462,8/29/12,8/29/12,unknown,8/29/12,8/29/12,unknown,A
463,A_463,8/29/12,8/29/12,unknown,8/29/12,8/29/12,unknown,D
464,A_464,8/29/12,8/29/12,unknown,8/29/12,8/29/12,unknown,A
465,A_465,8/29/12,8/29/12,unknown,8/29/12,8/29/12,unknown,A
466,A_466,8/29/12,8/29/12,unknown,8/29/12,8/29/12,unknown,A
467,A_467,8/29/12,8/29/12,unknown,8/29/12,8/29/12,unknown,A
468,A_468,8/29/12,8/29/12,unknown,8/29/12,8/29/12,unknown,A
469,A_469,8/29/12,8/29/12,unknown,8/29/12,8/29/12,unknown,A
470,A_470,8/29/12,8/29/12,unknown,8/29/12,8/29/12,unknown,A
471,A_471,8/29/12,8/29/12,unknown,8/29/12,8/29/12,unknown,B
472,A_472,8/29/12,8/29/12,unknown,8/29/12,8/29/12,unknown,A
473,A_473,8/29/12,8/29/12,unknown,8/29/12,8/29/12,unknown,A
474,A_474,8/29/12,8/29/12,unknown,8/29/12,8/29/12,unknown,A
475,A_475,8/29/12,8/29/12,unknown,8/29/12,8/29/12,unknown,A
476,A_476,8/29/12,8/29/12,unknown,8/29/12,8/29/12,unknown,A
477,A_477,8/29/12,8/29/12,unknown,8/29/12,8/29/12,unknown,A
478,A_478,8/29/12,8/29/12,unknown,8/29/12,8/29/12,unknown,A
479,A_479,8/29/12,8/29/12,unknown,8/29/12,8/29/12,unknown,A
480,A_480,8/29/12,8/29/12,unknown,8/29/12,8/29/12,unknown,A
481,A_481,8/29/12,8/29/12,unknown,8/29/12,8/29/12,unknown,A
482,A_482,8/29/12,8/29/12,unknown,8/29/12,8/29/12,unknown,A
483,A_483,8/29/12,8/29/12,unknown,8/29/12,8/29/12,unknown,A
484,A_484,8/29/12,8/29/12,unknown,8/29/12,8/29/12,unknown,A
485,A_485,8/29/12,8/29/12,unknown,8/29/12,8/29/12,unknown,A
486,A_486,8/29/12,8/29/12,unknown,8/29/12,8/29/12,unknown,A
487,A_487,8/29/12,8/29/12,unknown,8/29/12,8/29/12,unknown,A
488,A_488,8/29/12,8/29/12,unknown,8/29/12,8/29/12,unknown,A
489,A_489,8/29/12,8/29/12,unknown,8/29/12,8/29/12,unknown,A
490,A_490,8/29/12,8/29/12,unknown,8/29/12,8/29/12,unknown,A
491,A_491,8/29/12,8/29/12,unknown,8/29/12,8/29/12,unknown,A
492,A_492,8/29/12,8/29/12,unknown,8/29/12,8/29/12,unknown,D
493,A_493,8/29/12,8/29/12,unknown,8/29/12,8/29/12,unknown,A
494,A_494,8/29/12,8/29/12,unknown,8/29/12,8/29/12,unknown,A
495,A_495,8/29/12,8/29/12,unknown,8/29/12,8/29/12,unknown,A
496,A_496,8/29/12,8/29/12,unknown,8/29/12,8/29/12,unknown,A
497,A_497,8/29/12,8/29/12,unknown,8/29/12,8/29/12,unknown,A
498,A_498,8/29/12,8/29/12,unknown,8/29/12,8/29/12,unknown,A
499,A_499,8/29/12,8/29/12,unknown,8/29/12,8/29/12,unknown,A
500,A_500,8/29/12,8/29/12,unknown,8/29/12,8/29/12,unknown,A
501,A_501,8/29/12,8/29/12,unknown,8/29/12,8/29/12,unknown,A
502,A_502,8/29/12,8/29/12,unknown,8/29/12,8/29/12,unknown,A
503,A_503,8/29/12,8/29/12,unknown,8/29/12,8/29/12,unknown,A
504,A_504,8/29/12,8/29/12,unknown,8/29/12,8/29/12,unknown,A
505,A_505,8/29/12,8/29/12,unknown,8/29/12,8/29/12,unknown,A
506,A_506,8/29/12,8/29/12,unknown,8/29/12,8/29/12,unknown,A
507,A_507,8/29/12,8/29/12,unknown,8/29/12,8/29/12,unknown,A
508,A_508,8/29/12,8/29/12,unknown,8/29/12,8/29/12,unknown,A
509,A_509,8/29/12,8/29/12,unknown,8/29/12,8/29/12,unknown,A
510,A_510,8/29/12,8/29/12,unknown,8/29/12,8/29/12,unknown,A
511,A_511,8/29/12,8/29/12,unknown,8/29/12,8/29/12,unknown,B
512,A_512,8/29/12,8/29/12,unknown,8/29/12,8/29/12,unknown,A
513,A_513,8/29/12,8/29/12,unknown,8/29/12,8/29/12,unknown,A
514,A_514,8/29/12,8/29/12,unknown,8/29/12,8/29/12,unknown,B
515,A_515,8/29/12,8/29/12,unknown,8/29/12,8/29/12,unknown,A
516,A_516,8/29/12,8/29/12,unknown,8/29/12,8/29/12,unknown,A
517,A_517,8/29/12,8/29/12,unknown,8/29/12,8/29/12,unknown,A
518,A_518,8/29/12,8/29/12,unknown,8/29/12,8/29/12,unknown,A
519,A_519,8/29/12,8/29/12,unknown,8/29/12,8/29/12,unknown,A
520,A_520,8/29/12,8/29/12,unknown,8/29/12,8/29/12,unknown,A
521,A_521,8/29/12,8/29/12,unknown,8/29/12,8/29/12,unknown,A
522,A_522,8/29/12,8/29/12,unknown,8/29/12,8/29/12,unknown,B
523,A_523,8/29/12,8/29/12,unknown,8/29/12,8/29/12,unknown,A
524,A_524,8/29/12,8/29/12,unknown,8/29/12,8/29/12,unknown,A
525,A_525,8/29/12,8/29/12,unknown,8/29/12,8/29/12,unknown,A
526,A_526,8/29/12,8/29/12,unknown,8/29/12,8/29/12,unknown,A
527,A_527,8/29/12,8/29/12,unknown,8/29/12,8/29/12,unknown,A
528,A_528,8/29/12,8/29/12,unknown,8/29/12,8/29/12,unknown,E
529,A_529,8/29/12,8/29/12,unknown,8/29/12,8/29/12,unknown,A
530,A_530,8/29/12,8/29/12,unknown,8/29/12,8/29/12,unknown,A
531,A_531,8/29/12,8/29/12,unknown,8/29/12,8/29/12,unknown,A
532,A_532,8/29/12,8/29/12,unknown,8/29/12,8/29/12,unknown,A
533,A_533,8/29/12,8/29/12,unknown,8/29/12,8/29/12,unknown,A
534,A_534,8/29/12,8/29/12,unknown,8/29/12,8/29/12,unknown,A
535,A_535,8/29/12,8/29/12,unknown,8/29/12,8/29/12,unknown,A
536,A_536,8/29/12,8/29/12,unknown,8/29/12,8/29/12,unknown,E
537,A_537,8/29/12,8/29/12,unknown,8/29/12,8/29/12,unknown,E
538,A_538,8/29/12,8/29/12,unknown,8/29/12,8/29/12,unknown,A
539,A_539,8/29/12,8/29/12,unknown,8/29/12,8/29/12,unknown,C
540,A_540,8/29/12,8/29/12,unknown,8/29/12,8/29/12,unknown,A
541,A_541,8/29/12,8/29/12,unknown,8/29/12,8/29/12,unknown,A
542,A_542,8/29/12,8/29/12,unknown,8/29/12,8/29/12,unknown,A
543,A_543,8/29/12,8/29/12,unknown,8/29/12,8/29/12,unknown,A
544,A_544,8/29/12,8/29/12,unknown,8/29/12,8/29/12,unknown,A
545,A_545,8/29/12,8/29/12,unknown,8/29/12,8/29/12,unknown,A
546,A_546,8/29/12,8/29/12,unknown,8/29/12,8/29/12,unknown,A
547,A_547,8/29/12,8/29/12,unknown,8/29/12,8/29/12,unknown,D
548,A_548,8/29/12,8/29/12,unknown,8/29/12,8/29/12,unknown,A
549,A_549,8/29/12,8/29/12,unknown,8/29/12,8/29/12,unknown,A
550,A_550,8/29/12,8/29/12,unknown,8/29/12,8/29/12,unknown,A
551,A_551,8/29/12,8/29/12,unknown,8/29/12,8/29/12,unknown,A
552,A_552,8/29/12,8/29/12,unknown,8/29/12,8/29/12,unknown,A
553,A_553,8/29/12,8/29/12,unknown,8/29/12,8/29/12,unknown,A
554,A_554,8/29/12,8/29/12,unknown,8/29/12,8/29/12,unknown,A
555,A_555,8/29/12,8/29/12,unknown,8/29/12,8/29/12,unknown,A
556,A_556,8/29/12,8/29/12,unknown,8/29/12,8/29/12,unknown,A
557,A_557,8/29/12,8/29/12,unknown,8/29/12,8/29/12,unknown,A
558,A_558,8/29/12,8/29/12,unknown,8/29/12,8/29/12,unknown,A
559,A_559,8/29/12,8/29/12,unknown,8/29/12,8/29/12,unknown,A
560,A_560,8/29/12,8/29/12,unknown,8/29/12,8/29/12,unknown,A
561,A_561,8/29/12,8/29/12,unknown,8/29/12,8/29/12,unknown,A
562,A_562,8/29/12,8/29/12,unknown,8/29/12,8/29/12,unknown,A
563,A_563,8/29/12,8/29/12,unknown,8/29/12,8/29/12,unknown,A
564,A_564,8/29/12,8/29/12,unknown,8/29/12,8/29/12,unknown,A
565,A_565,8/29/12,8/29/12,unknown,8/29/12,8/29/12,unknown,A
566,A_566,8/29/12,8/29/12,unknown,8/29/12,8/29/12,unknown,A
567,A_567,8/29/12,8/29/12,unknown,8/29/12,8/29/12,unknown,B
568,A_568,8/29/12,8/29/12,unknown,8/29/12,8/29/12,unknown,A
569,A_569,8/29/12,8/29/12,unknown,8/29/12,8/29/12,unknown,A
570,A_570,8/29/12,8/29/12,unknown,8/29/12,8/29/12,unknown,A
571,A_571,8/29/12,8/29/12,unknown,8/29/12,8/29/12,unknown,A
572,A_572,8/29/12,8/29/12,unknown,8/29/12,8/29/12,unknown,A
573,A_573,8/29/12,8/29/12,unknown,8/29/12,8/29/12,unknown,A
574,A_574,8/29/12,8/29/12,unknown,8/29/12,8/29/12,unknown,C
575,A_575,8/29/12,8/29/12,unknown,8/29/12,8/29/12,unknown,A
576,A_576,8/29/12,8/29/12,unknown,8/29/12,8/29/12,unknown,D
577,A_577,8/29/12,8/29/12,unknown,8/29/12,8/29/12,unknown,A
578,A_578,8/29/12,8/29/12,unknown,8/29/12,8/29/12,unknown,A
579,A_579,8/29/12,8/29/12,unknown,8/29/12,8/29/12,unknown,A
580,A_580,8/29/12,8/29/12,unknown,8/29/12,8/29/12,unknown,A
581,A_581,8/29/12,8/29/12,unknown,8/29/12,8/29/12,unknown,B
582,A_582,8/29/12,8/29/12,unknown,8/29/12,8/29/12,unknown,A
583,A_583,8/29/12,8/29/12,unknown,8/29/12,8/29/12,unknown,A
584,A_584,8/29/12,8/29/12,unknown,8/29/12,8/29/12,unknown,A
585,A_585,8/29/12,8/29/12,unknown,8/29/12,8/29/12,unknown,A
586,A_586,8/29/12,8/29/12,unknown,8/29/12,8/29/12,unknown,A
587,A_587,8/29/12,8/29/12,unknown,8/29/12,8/29/12,unknown,A
588,A_588,8/29/12,8/29/12,unknown,8/29/12,8/29/12,unknown,A
589,A_589,8/29/12,8/29/12,unknown,8/29/12,8/29/12,unknown,A
590,A_590,8/29/12,8/29/12,unknown,8/29/12,8/29/12,unknown,A
591,A_591,8/29/12,8/29/12,unknown,8/29/12,8/29/12,unknown,A
592,A_592,8/29/12,8/29/12,unknown,8/29/12,8/29/12,unknown,B
593,A_593,8/29/12,8/29/12,unknown,8/29/12,8/29/12,unknown,A
594,A_594,8/29/12,8/29/12,unknown,8/29/12,8/29/12,unknown,A
595,A_595,8/29/12,8/29/12,unknown,8/29/12,8/29/12,unknown,A
596,A_596,8/29/12,8/29/12,unknown,8/29/12,8/29/12,unknown,C
597,A_597,8/29/12,8/29/12,unknown,8/29/12,8/29/12,unknown,A
598,A_598,8/29/12,8/29/12,unknown,8/29/12,8/29/12,unknown,A
599,A_599,8/29/12,8/29/12,unknown,8/29/12,8/29/12,unknown,A
600,A_600,8/29/12,8/29/12,unknown,8/29/12,8/29/12,unknown,A
601,A_601,8/29/12,8/29/12,unknown,8/29/12,8/29/12,unknown,A
602,A_602,8/29/12,8/29/12,unknown,8/29/12,8/29/12,unknown,A
603,A_603,8/29/12,8/29/12,unknown,8/29/12,8/29/12,unknown,A
604,A_604,8/29/12,8/29/12,unknown,8/29/12,8/29/12,unknown,A
605,A_605,8/29/12,8/29/12,unknown,8/29/12,8/29/12,unknown,A
606,A_606,8/29/12,8/29/12,unknown,8/29/12,8/29/12,unknown,A
607,A_607,8/29/12,8/29/12,unknown,8/29/12,8/29/12,unknown,A
608,A_608,8/29/12,8/29/12,unknown,8/29/12,8/29/12,unknown,A
609,A_609,8/29/12,8/29/12,unknown,8/29/12,8/29/12,unknown,A
610,A_610,8/29/12,8/29/12,unknown,8/29/12,8/29/12,unknown,A
611,A_611,8/29/12,8/29/12,unknown,8/29/12,8/29/12,unknown,A
612,A_612,8/29/12,8/29/12,unknown,8/29/12,8/29/12,unknown,A
613,A_613,8/29/12,8/29/12,unknown,8/29/12,8/29/12,unknown,A
614,A_614,8/29/12,8/29/12,unknown,8/29/12,8/29/12,unknown,A
615,A_615,8/29/12,8/29/12,unknown,8/29/12,8/29/12,unknown,A
616,A_616,8/29/12,8/29/12,unknown,8/29/12,8/29/12,unknown,A
617,A_617,8/29/12,8/29/12,unknown,8/29/12,8/29/12,unknown,A
618,A_618,8/29/12,8/29/12,unknown,8/29/12,8/29/12,unknown,A
619,A_619,8/29/12,8/29/12,unknown,8/29/12,8/29/12,unknown,A
620,A_620,8/29/12,8/29/12,unknown,8/29/12,8/29/12,unknown,A
621,A_621,8/29/12,8/29/12,unknown,8/29/12,8/29/12,unknown,A
622,A_622,8/29/12,8/29/12,unknown,8/29/12,8/29/12,unknown,B
623,A_623,8/29/12,8/29/12,unknown,8/29/12,8/29/12,unknown,A
624,A_624,8/29/12,8/29/12,unknown,8/29/12,8/29/12,unknown,A
625,A_625,8/29/12,8/29/12,unknown,8/29/12,8/29/12,unknown,C
626,A_626,8/29/12,8/29/12,unknown,8/29/12,8/29/12,unknown,B
627,A_627,8/29/12,8/29/12,unknown,8/29/12,8/29/12,unknown,A
628,A_628,8/29/12,8/29/12,unknown,8/29/12,8/29/12,unknown,B
629,A_629,8/29/12,8/29/12,unknown,8/29/12,8/29/12,unknown,A
630,A_630,8/29/12,8/29/12,unknown,8/29/12,8/29/12,unknown,A
631,A_631,8/29/12,8/29/12,unknown,8/29/12,8/29/12,unknown,C
632,A_632,8/29/12,8/29/12,unknown,8/29/12,8/29/12,unknown,A
633,A_633,8/29/12,8/29/12,unknown,8/29/12,8/29/12,unknown,A
634,A_634,8/29/12,8/29/12,unknown,8/29/12,8/29/12,unknown,A
635,A_635,8/29/12,8/29/12,unknown,8/29/12,8/29/12,unknown,A
636,A_636,8/29/12,8/29/12,unknown,8/29/12,8/29/12,unknown,A
637,A_637,8/29/12,8/29/12,unknown,8/29/12,8/29/12,unknown,B
638,A_638,8/29/12,8/29/12,unknown,8/29/12,8/29/12,unknown,A
639,A_639,8/29/12,8/29/12,unknown,8/29/12,8/29/12,unknown,A
640,A_640,8/29/12,8/29/12,unknown,8/29/12,8/29/12,unknown,A
641,A_641,8/29/12,8/29/12,unknown,8/29/12,8/29/12,unknown,A
642,A_642,8/29/12,8/29/12,unknown,8/29/12,8/29/12,unknown,A
643,A_643,8/29/12,8/29/12,unknown,8/29/12,8/29/12,unknown,D
644,A_644,8/29/12,8/29/12,unknown,8/29/12,8/29/12,unknown,A
645,A_645,8/29/12,8/29/12,unknown,8/29/12,8/29/12,unknown,A
646,A_646,8/29/12,8/29/12,unknown,8/29/12,8/29/12,unknown,A
647,A_647,8/29/12,8/29/12,unknown,8/29/12,8/29/12,unknown,A
648,A_648,8/29/12,8/29/12,unknown,8/29/12,8/29/12,unknown,C
649,A_649,8/29/12,8/29/12,unknown,8/29/12,8/29/12,unknown,A
650,A_650,8/29/12,8/29/12,unknown,8/29/12,8/29/12,unknown,A
651,A_651,8/29/12,8/29/12,unknown,8/29/12,8/29/12,unknown,A
652,A_652,8/29/12,8/29/12,unknown,8/29/12,8/29/12,unknown,A
653,A_653,8/29/12,8/29/12,unknown,8/29/12,8/29/12,unknown,A
654,A_654,8/29/12,8/29/12,unknown,8/29/12,8/29/12,unknown,A
655,A_655,8/29/12,8/29/12,unknown,8/29/12,8/29/12,unknown,A
656,A_656,8/29/12,8/29/12,unknown,8/29/12,8/29/12,unknown,A
657,A_657,8/29/12,8/29/12,unknown,8/29/12,8/29/12,unknown,A
658,A_658,8/29/12,8/29/12,unknown,8/29/12,8/29/12,unknown,A
659,A_659,8/29/12,8/29/12,unknown,8/29/12,8/29/12,unknown,A
660,A_660,8/29/12,8/29/12,unknown,8/29/12,8/29/12,unknown,A
661,A_661,8/29/12,8/29/12,unknown,8/29/12,8/29/12,unknown,A
662,A_662,8/29/12,8/29/12,unknown,8/29/12,8/29/12,unknown,A
663,A_663,8/29/12,8/29/12,unknown,8/29/12,8/29/12,unknown,A
664,A_664,8/29/12,8/29/12,unknown,8/29/12,8/29/12,unknown,A
665,A_665,8/29/12,8/29/12,unknown,8/29/12,8/29/12,unknown,A
666,A_666,8/29/12,8/29/12,unknown,8/29/12,8/29/12,unknown,A
667,A_667,8/29/12,8/29/12,unknown,8/29/12,8/29/12,unknown,A
668,A_668,8/29/12,8/29/12,unknown,8/29/12,8/29/12,unknown,A
669,A_669,8/29/12,8/29/12,unknown,8/29/12,8/29/12,unknown,A
670,A_670,8/29/12,8/29/12,unknown,8/29/12,8/29/12,unknown,A
671,A_671,8/29/12,8/29/12,unknown,8/29/12,8/29/12,unknown,A
672,A_672,8/29/12,8/29/12,unknown,8/29/12,8/29/12,unknown,A
673,A_673,8/29/12,8/29/12,unknown,8/29/12,8/29/12,unknown,A
674,A_674,8/29/12,8/29/12,unknown,8/29/12,8/29/12,unknown,A
675,A_675,8/29/12,8/29/12,unknown,8/29/12,8/29/12,unknown,A
676,A_676,8/29/12,8/29/12,unknown,8/29/12,8/29/12,unknown,A
677,A_677,8/29/12,8/29/12,unknown,8/29/12,8/29/12,unknown,A
678,A_678,8/29/12,8/29/12,unknown,8/29/12,8/29/12,unknown,A
679,A_679,8/29/12,8/29/12,unknown,8/29/12,8/29/12,unknown,A
680,A_680,8/29/12,8/29/12,unknown,8/29/12,8/29/12,unknown,A
681,A_681,8/29/12,8/29/12,unknown,8/29/12,8/29/12,unknown,A
682,A_682,8/29/12,8/29/12,unknown,8/29/12,8/29/12,unknown,A
683,A_683,8/29/12,8/29/12,unknown,8/29/12,8/29/12,unknown,E
684,A_684,8/29/12,8/29/12,unknown,8/29/12,8/29/12,unknown,A
685,A_685,8/29/12,8/29/12,unknown,8/29/12,8/29/12,unknown,A
686,A_686,8/29/12,8/29/12,unknown,8/29/12,8/29/12,unknown,A
687,A_687,8/29/12,8/29/12,unknown,8/29/12,8/29/12,unknown,A
688,A_688,8/29/12,8/29/12,unknown,8/29/12,8/29/12,unknown,A
689,A_689,8/29/12,8/29/12,unknown,8/29/12,8/29/12,unknown,A
690,A_690,8/29/12,8/29/12,unknown,8/29/12,8/29/12,unknown,A
691,A_691,8/29/12,8/29/12,unknown,8/29/12,8/29/12,unknown,A
692,A_692,8/29/12,8/29/12,unknown,8/29/12,8/29/12,unknown,A
693,A_693,8/29/12,8/29/12,unknown,8/29/12,8/29/12,unknown,A
694,A_694,8/29/12,8/29/12,unknown,8/29/12,8/29/12,unknown,A
695,A_695,8/29/12,8/29/12,unknown,8/29/12,8/29/12,unknown,A
696,A_696,8/29/12,8/29/12,unknown,8/29/12,8/29/12,unknown,A
697,A_697,8/29/12,8/29/12,unknown,8/29/12,8/29/12,unknown,A
698,A_698,8/29/12,8/29/12,unknown,8/29/12,8/29/12,unknown,B
699,A_699,8/29/12,8/29/12,unknown,8/29/12,8/29/12,unknown,A
700,A_700,8/29/12,8/29/12,unknown,8/29/12,8/29/12,unknown,A
701,A_701,8/29/12,8/29/12,unknown,8/29/12,8/29/12,unknown,A
702,A_702,8/29/12,8/29/12,unknown,8/29/12,8/29/12,unknown,A
703,A_703,8/29/12,8/29/12,unknown,8/29/12,8/29/12,unknown,A
704,A_704,8/29/12,8/29/12,unknown,8/29/12,8/29/12,unknown,A
705,A_705,8/29/12,8/29/12,unknown,8/29/12,8/29/12,unknown,A
706,A_706,8/29/12,8/29/12,unknown,8/29/12,8/29/12,unknown,A
707,A_707,8/29/12,8/29/12,unknown,8/29/12,8/29/12,unknown,A
708,A_708,8/29/12,8/29/12,unknown,8/29/12,8/29/12,unknown,A
709,A_709,8/29/12,8/29/12,unknown,8/29/12,8/29/12,unknown,A
710,A_710,8/29/12,8/29/12,unknown,8/29/12,8/29/12,unknown,A
711,A_711,8/29/12,8/29/12,unknown,8/29/12,8/29/12,unknown,A
712,A_712,8/29/12,8/29/12,unknown,8/29/12,8/29/12,unknown,A
713,A_713,8/29/12,8/29/12,unknown,8/29/12,8/29/12,unknown,A
714,A_714,8/29/12,8/29/12,unknown,8/29/12,8/29/12,unknown,A
715,A_715,8/29/12,8/29/12,unknown,8/29/12,8/29/12,unknown,A
716,A_716,8/29/12,8/29/12,unknown,8/29/12,8/29/12,unknown,A
717,A_717,8/29/12,8/29/12,unknown,8/29/12,8/29/12,unknown,B
718,A_718,8/29/12,8/29/12,unknown,8/29/12,8/29/12,unknown,A
719,A_719,8/29/12,8/29/12,unknown,8/29/12,8/29/12,unknown,A
720,A_720,8/29/12,8/29/12,unknown,8/29/12,8/29/12,unknown,A
721,A_721,8/29/12,8/29/12,unknown,8/29/12,8/29/12,unknown,E
722,A_722,8/29/12,8/29/12,unknown,8/29/12,8/29/12,unknown,A
723,A_723,8/29/12,8/29/12,unknown,8/29/12,8/29/12,unknown,A
724,A_724,8/29/12,8/29/12,unknown,8/29/12,8/29/12,unknown,A
725,A_725,8/29/12,8/29/12,unknown,8/29/12,8/29/12,unknown,A
726,A_726,8/29/12,8/29/12,unknown,8/29/12,8/29/12,unknown,A
727,A_727,8/29/12,8/29/12,unknown,8/29/12,8/29/12,unknown,D
728,A_728,8/29/12,8/29/12,unknown,8/29/12,8/29/12,unknown,A
729,A_729,8/29/12,8/29/12,unknown,8/29/12,8/29/12,unknown,A
730,A_730,8/29/12,8/29/12,unknown,8/29/12,8/29/12,unknown,A
731,A_731,8/29/12,8/29/12,unknown,8/29/12,8/29/12,unknown,A
732,A_732,8/29/12,8/29/12,unknown,8/29/12,8/29/12,unknown,A
733,A_733,8/29/12,8/29/12,unknown,8/29/12,8/29/12,unknown,A
734,A_734,8/29/12,8/29/12,unknown,8/29/12,8/29/12,unknown,A
735,A_735,8/29/12,8/29/12,unknown,8/29/12,8/29/12,unknown,E
736,A_736,8/29/12,8/29/12,unknown,8/29/12,8/29/12,unknown,A
737,A_737,8/29/12,8/29/12,unknown,8/29/12,8/29/12,unknown,A
738,A_738,8/29/12,8/29/12,unknown,8/29/12,8/29/12,unknown,A
739,A_739,8/29/12,8/29/12,unknown,8/29/12,8/29/12,unknown,A
740,A_740,8/29/12,8/29/12,unknown,8/29/12,8/29/12,unknown,A
741,A_741,8/29/12,8/29/12,unknown,8/29/12,8/29/12,unknown,A
742,A_742,8/29/12,8/29/12,unknown,8/29/12,8/29/12,unknown,E
743,A_743,8/29/12,8/29/12,unknown,8/29/12,8/29/12,unknown,A
744,A_744,8/29/12,8/29/12,unknown,8/29/12,8/29/12,unknown,A
745,A_745,8/29/12,8/29/12,unknown,8/29/12,8/29/12,unknown,A
746,A_746,8/29/12,8/29/12,unknown,8/29/12,8/29/12,unknown,A
747,A_747,8/29/12,8/29/12,unknown,8/29/12,8/29/12,unknown,A
748,A_748,8/29/12,8/29/12,unknown,8/29/12,8/29/12,unknown,A
749,A_749,8/29/12,8/29/12,unknown,8/29/12,8/29/12,unknown,A
750,A_750,8/29/12,8/29/12,unknown,8/29/12,8/29/12,unknown,A
751,A_751,8/29/12,8/29/12,unknown,8/29/12,8/29/12,unknown,B
752,A_752,8/29/12,8/29/12,unknown,8/29/12,8/29/12,unknown,A
753,A_753,8/29/12,8/29/12,unknown,8/29/12,8/29/12,unknown,A
754,A_754,8/29/12,8/29/12,unknown,8/29/12,8/29/12,unknown,A
755,A_755,8/29/12,8/29/12,unknown,8/29/12,8/29/12,unknown,A
756,A_756,8/29/12,8/29/12,unknown,8/29/12,8/29/12,unknown,A
757,A_757,8/29/12,8/29/12,unknown,8/29/12,8/29/12,unknown,A
758,A_758,8/29/12,8/29/12,unknown,8/29/12,8/29/12,unknown,A
759,A_759,8/29/12,8/29/12,unknown,8/29/12,8/29/12,unknown,A
760,A_760,8/29/12,8/29/12,unknown,8/29/12,8/29/12,unknown,E
761,A_761,8/29/12,8/29/12,unknown,8/29/12,8/29/12,unknown,A
762,A_762,8/29/12,8/29/12,unknown,8/29/12,8/29/12,unknown,A
763,A_763,8/29/12,8/29/12,unknown,8/29/12,8/29/12,unknown,D
764,A_764,8/29/12,8/29/12,unknown,8/29/12,8/29/12,unknown,A
765,A_765,8/29/12,8/29/12,unknown,8/29/12,8/29/12,unknown,A
766,A_766,8/29/12,8/29/12,unknown,8/29/12,8/29/12,unknown,A
767,A_767,8/29/12,8/29/12,unknown,8/29/12,8/29/12,unknown,A
768,A_768,8/29/12,8/29/12,unknown,8/29/12,8/29/12,unknown,A
769,A_769,8/29/12,8/29/12,unknown,8/29/12,8/29/12,unknown,A
770,A_770,8/29/12,8/29/12,unknown,8/29/12,8/29/12,unknown,A
771,A_771,8/29/12,8/29/12,unknown,8/29/12,8/29/12,unknown,E
772,A_772,8/29/12,8/29/12,unknown,8/29/12,8/29/12,unknown,A
773,A_773,8/29/12,8/29/12,unknown,8/29/12,8/29/12,unknown,A
774,A_774,8/29/12,8/29/12,unknown,8/29/12,8/29/12,unknown,A
775,A_775,8/29/12,8/29/12,unknown,8/29/12,8/29/12,unknown,A
776,A_776,8/29/12,8/29/12,unknown,8/29/12,8/29/12,unknown,A
777,A_777,8/29/12,8/29/12,unknown,8/29/12,8/29/12,unknown,A
778,A_778,8/29/12,8/29/12,unknown,8/29/12,8/29/12,unknown,A
779,A_779,8/29/12,8/29/12,unknown,8/29/12,8/29/12,unknown,A
780,A_780,8/29/12,8/29/12,unknown,8/29/12,8/29/12,unknown,A
781,A_781,8/29/12,8/29/12,unknown,8/29/12,8/29/12,unknown,D
782,A_782,8/29/12,8/29/12,unknown,8/29/12,8/29/12,unknown,A
783,A_783,8/29/12,8/29/12,unknown,8/29/12,8/29/12,unknown,A
784,A_784,8/29/12,8/29/12,unknown,8/29/12,8/29/12,unknown,A
785,A_785,8/29/12,8/29/12,unknown,8/29/12,8/29/12,unknown,A
786,A_786,8/29/12,8/29/12,unknown,8/29/12,8/29/12,unknown,A
787,A_787,8/29/12,8/29/12,unknown,8/29/12,8/29/12,unknown,A
788,A_788,8/29/12,8/29/12,unknown,8/29/12,8/29/12,unknown,A
789,A_789,8/29/12,8/29/12,unknown,8/29/12,8/29/12,unknown,A
790,A_790,8/29/12,8/29/12,unknown,8/29/12,8/29/12,unknown,A
791,A_791,8/29/12,8/29/12,unknown,8/29/12,8/29/12,unknown,A
792,A_792,8/29/12,8/29/12,unknown,8/29/12,8/29/12,unknown,A
793,A_793,8/29/12,8/29/12,unknown,8/29/12,8/29/12,unknown,A
794,A_794,8/29/12,8/29/12,unknown,8/29/12,8/29/12,unknown,A
795,A_795,8/29/12,8/29/12,unknown,8/29/12,8/29/12,unknown,A
796,A_796,8/29/12,8/29/12,unknown,8/29/12,8/29/12,unknown,A
797,A_797,8/29/12,8/29/12,unknown,8/29/12,8/29/12,unknown,A
798,A_798,8/29/12,8/29/12,unknown,8/29/12,8/29/12,unknown,A
799,A_799,8/29/12,8/29/12,unknown,8/29/12,8/29/12,unknown,A
800,A_800,8/29/12,8/29/12,unknown,8/29/12,8/29/12,unknown,A
801,A_801,8/29/12,8/29/12,unknown,8/29/12,8/29/12,unknown,A
802,A_802,8/29/12,8/29/12,unknown,8/29/12,8/29/12,unknown,A
803,A_803,8/29/12,8/29/12,unknown,8/29/12,8/29/12,unknown,A
804,A_804,8/29/12,8/29/12,unknown,8/29/12,8/29/12,unknown,A
805,A_805,8/29/12,8/29/12,unknown,8/29/12,8/29/12,unknown,A
806,A_806,8/29/12,8/29/12,unknown,8/29/12,8/29/12,unknown,A
807,A_807,8/29/12,8/29/12,unknown,8/29/12,8/29/12,unknown,A
808,A_808,8/29/12,8/29/12,unknown,8/29/12,8/29/12,unknown,A
809,A_809,8/29/12,8/29/12,unknown,8/29/12,8/29/12,unknown,A
810,A_810,8/29/12,8/29/12,unknown,8/29/12,8/29/12,unknown,A
811,A_811,8/29/12,8/29/12,unknown,8/29/12,8/29/12,unknown,A
812,A_812,8/29/12,8/29/12,unknown,8/29/12,8/29/12,unknown,A
813,A_813,8/29/12,8/29/12,unknown,8/29/12,8/29/12,unknown,A
814,A_814,8/29/12,8/29/12,unknown,8/29/12,8/29/12,unknown,A
815,A_815,8/29/12,8/29/12,unknown,8/29/12,8/29/12,unknown,A
816,A_816,8/29/12,8/29/12,unknown,8/29/12,8/29/12,unknown,A
817,A_817,8/29/12,8/29/12,unknown,8/29/12,8/29/12,unknown,A
818,A_818,8/29/12,8/29/12,unknown,8/29/12,8/29/12,unknown,A
819,A_819,8/29/12,8/29/12,unknown,8/29/12,8/29/12,unknown,A
820,A_820,8/29/12,8/29/12,unknown,8/29/12,8/29/12,unknown,A
821,A_821,8/29/12,8/29/12,unknown,8/29/12,8/29/12,unknown,A
822,A_822,8/29/12,8/29/12,unknown,8/29/12,8/29/12,unknown,A
823,A_823,8/29/12,8/29/12,unknown,8/29/12,8/29/12,unknown,A
824,A_824,8/29/12,8/29/12,unknown,8/29/12,8/29/12,unknown,A
825,A_825,8/29/12,8/29/12,unknown,8/29/12,8/29/12,unknown,A
826,A_826,8/29/12,8/29/12,unknown,8/29/12,8/29/12,unknown,A
827,A_827,8/29/12,8/29/12,unknown,8/29/12,8/29/12,unknown,A
828,A_828,8/29/12,8/29/12,unknown,8/29/12,8/29/12,unknown,A
829,A_829,8/29/12,8/29/12,unknown,8/29/12,8/29/12,unknown,A
830,A_830,8/29/12,8/29/12,unknown,8/29/12,8/29/12,unknown,A
831,A_831,8/29/12,8/29/12,unknown,8/29/12,8/29/12,unknown,A
832,A_832,8/29/12,8/29/12,unknown,8/29/12,8/29/12,unknown,A
833,A_833,8/29/12,8/29/12,unknown,8/29/12,8/29/12,unknown,A
834,A_834,8/29/12,8/29/12,unknown,8/29/12,8/29/12,unknown,A
835,A_835,8/29/12,8/29/12,unknown,8/29/12,8/29/12,unknown,A
836,A_836,8/29/12,8/29/12,unknown,8/29/12,8/29/12,unknown,A
837,A_837,8/29/12,8/29/12,unknown,8/29/12,8/29/12,unknown,A
838,A_838,8/29/12,8/29/12,unknown,8/29/12,8/29/12,unknown,A
839,A_839,8/29/12,8/29/12,unknown,8/29/12,8/29/12,unknown,B
840,A_840,8/29/12,8/29/12,unknown,8/29/12,8/29/12,unknown,A
841,A_841,8/29/12,8/29/12,unknown,8/29/12,8/29/12,unknown,A
842,A_842,8/29/12,8/29/12,unknown,8/29/12,8/29/12,unknown,A
843,A_843,8/29/12,8/29/12,unknown,8/29/12,8/29/12,unknown,A
844,A_844,8/29/12,8/29/12,unknown,8/29/12,8/29/12,unknown,E
845,A_845,8/29/12,8/29/12,unknown,8/29/12,8/29/12,unknown,A
846,A_846,8/29/12,8/29/12,unknown,8/29/12,8/29/12,unknown,A
847,A_847,8/29/12,8/29/12,unknown,8/29/12,8/29/12,unknown,A
848,A_848,8/29/12,8/29/12,unknown,8/29/12,8/29/12,unknown,A
849,A_849,8/29/12,8/29/12,unknown,8/29/12,8/29/12,unknown,C
850,A_850,8/29/12,8/29/12,unknown,8/29/12,8/29/12,unknown,A
851,A_851,8/29/12,8/29/12,unknown,8/29/12,8/29/12,unknown,A
852,A_852,8/29/12,8/29/12,unknown,8/29/12,8/29/12,unknown,A
853,A_853,8/29/12,8/29/12,unknown,8/29/12,8/29/12,unknown,A
854,A_854,8/29/12,8/29/12,unknown,8/29/12,8/29/12,unknown,A
855,A_855,8/29/12,8/29/12,unknown,8/29/12,8/29/12,unknown,A
856,A_856,8/29/12,8/29/12,unknown,8/29/12,8/29/12,unknown,A
857,A_857,8/29/12,8/29/12,unknown,8/29/12,8/29/12,unknown,A
858,A_858,8/29/12,8/29/12,unknown,8/29/12,8/29/12,unknown,A
859,A_859,8/29/12,8/29/12,unknown,8/29/12,8/29/12,unknown,A
860,A_860,8/29/12,8/29/12,unknown,8/29/12,8/29/12,unknown,A
861,A_861,8/29/12,8/29/12,unknown,8/29/12,8/29/12,unknown,A
862,A_862,8/29/12,8/29/12,unknown,8/29/12,8/29/12,unknown,A
863,A_863,8/29/12,8/29/12,unknown,8/29/12,8/29/12,unknown,A
864,A_864,8/29/12,8/29/12,unknown,8/29/12,8/29/12,unknown,A
865,A_865,8/29/12,8/29/12,unknown,8/29/12,8/29/12,unknown,A
866,A_866,8/29/12,8/29/12,unknown,8/29/12,8/29/12,unknown,A
867,A_867,8/29/12,8/29/12,unknown,8/29/12,8/29/12,unknown,A
868,A_868,8/29/12,8/29/12,unknown,8/29/12,8/29/12,unknown,A
869,A_869,8/29/12,8/29/12,unknown,8/29/12,8/29/12,unknown,A
870,A_870,8/29/12,8/29/12,unknown,8/29/12,8/29/12,unknown,A
871,A_871,8/29/12,8/29/12,unknown,8/29/12,8/29/12,unknown,A
872,A_872,8/29/12,8/29/12,unknown,8/29/12,8/29/12,unknown,A
873,A_873,8/29/12,8/29/12,unknown,8/29/12,8/29/12,unknown,A
874,A_874,8/29/12,8/29/12,unknown,8/29/12,8/29/12,unknown,A
875,A_875,8/29/12,8/29/12,unknown,8/29/12,8/29/12,unknown,A
876,A_876,8/29/12,8/29/12,unknown,8/29/12,8/29/12,unknown,A
877,A_877,8/29/12,8/29/12,unknown,8/29/12,8/29/12,unknown,A
878,A_878,8/29/12,8/29/12,unknown,8/29/12,8/29/12,unknown,A
879,A_879,8/29/12,8/29/12,unknown,8/29/12,8/29/12,unknown,A
880,A_880,8/29/12,8/29/12,unknown,8/29/12,8/29/12,unknown,B
881,A_881,8/29/12,8/29/12,unknown,8/29/12,8/29/12,unknown,A
882,A_882,8/29/12,8/29/12,unknown,8/29/12,8/29/12,unknown,A
883,A_883,8/29/12,8/29/12,unknown,8/29/12,8/29/12,unknown,E
884,A_884,8/29/12,8/29/12,unknown,8/29/12,8/29/12,unknown,A
885,A_885,8/29/12,8/29/12,unknown,8/29/12,8/29/12,unknown,A
886,A_886,8/29/12,8/29/12,unknown,8/29/12,8/29/12,unknown,A
887,A_887,8/29/12,8/29/12,unknown,8/29/12,8/29/12,unknown,A
888,A_888,8/29/12,8/29/12,unknown,8/29/12,8/29/12,unknown,A
889,A_889,8/29/12,8/29/12,unknown,8/29/12,8/29/12,unknown,A
890,A_890,8/29/12,8/29/12,unknown,8/29/12,8/29/12,unknown,A
891,A_891,8/29/12,8/29/12,unknown,8/29/12,8/29/12,unknown,E
892,A_892,8/29/12,8/29/12,unknown,8/29/12,8/29/12,unknown,A
893,A_893,8/29/12,8/29/12,unknown,8/29/12,8/29/12,unknown,A
894,A_894,8/29/12,8/29/12,unknown,8/29/12,8/29/12,unknown,A
895,A_895,8/29/12,8/29/12,unknown,8/29/12,8/29/12,unknown,A
896,A_896,8/29/12,8/29/12,unknown,8/29/12,8/29/12,unknown,A
897,A_897,8/29/12,8/29/12,unknown,8/29/12,8/29/12,unknown,A
898,A_898,8/29/12,8/29/12,unknown,8/29/12,8/29/12,unknown,A
899,A_899,8/29/12,8/29/12,unknown,8/29/12,8/29/12,unknown,A
900,A_900,8/29/12,8/29/12,unknown,8/29/12,8/29/12,unknown,A
901,A_901,8/29/12,8/29/12,unknown,8/29/12,8/29/12,unknown,A
902,A_902,8/29/12,8/29/12,unknown,8/29/12,8/29/12,unknown,A
903,A_903,8/29/12,8/29/12,unknown,8/29/12,8/29/12,unknown,A
904,A_904,8/29/12,8/29/12,unknown,8/29/12,8/29/12,unknown,A
905,A_905,8/29/12,8/29/12,unknown,8/29/12,8/29/12,unknown,A
906,A_906,8/29/12,8/29/12,unknown,8/29/12,8/29/12,unknown,A
907,A_907,8/29/12,8/29/12,unknown,8/29/12,8/29/12,unknown,A
908,A_908,8/29/12,8/29/12,unknown,8/29/12,8/29/12,unknown,A
909,A_909,8/29/12,8/29/12,unknown,8/29/12,8/29/12,unknown,A
910,A_910,8/29/12,8/29/12,unknown,8/29/12,8/29/12,unknown,A
911,A_911,8/29/12,8/29/12,unknown,8/29/12,8/29/12,unknown,A
912,A_912,8/29/12,8/29/12,unknown,8/29/12,8/29/12,unknown,B
913,A_913,8/29/12,8/29/12,unknown,8/29/12,8/29/12,unknown,A
914,A_914,8/29/12,8/29/12,unknown,8/29/12,8/29/12,unknown,A
915,A_915,8/29/12,8/29/12,unknown,8/29/12,8/29/12,unknown,A
916,A_916,8/29/12,8/29/12,unknown,8/29/12,8/29/12,unknown,A
917,A_917,8/29/12,8/29/12,unknown,8/29/12,8/29/12,unknown,A
918,A_918,8/29/12,8/29/12,unknown,8/29/12,8/29/12,unknown,A
919,A_919,8/29/12,8/29/12,unknown,8/29/12,8/29/12,unknown,A
920,A_920,8/29/12,8/29/12,unknown,8/29/12,8/29/12,unknown,A
921,A_921,8/29/12,8/29/12,unknown,8/29/12,8/29/12,unknown,B
922,A_922,8/29/12,8/29/12,unknown,8/29/12,8/29/12,unknown,A
923,A_923,8/29/12,8/29/12,unknown,8/29/12,8/29/12,unknown,A
924,A_924,8/29/12,8/29/12,unknown,8/29/12,8/29/12,unknown,A
925,A_925,8/29/12,8/29/12,unknown,8/29/12,8/29/12,unknown,A
926,A_926,8/29/12,8/29/12,unknown,8/29/12,8/29/12,unknown,A
927,A_927,8/29/12,8/29/12,unknown,8/29/12,8/29/12,unknown,A
928,A_928,8/29/12,8/29/12,unknown,8/29/12,8/29/12,unknown,A
929,A_929,8/29/12,8/29/12,unknown,8/29/12,8/29/12,unknown,A
930,A_930,8/29/12,8/29/12,unknown,8/29/12,8/29/12,unknown,A
931,A_931,8/29/12,8/29/12,unknown,8/29/12,8/29/12,unknown,A
932,A_932,8/29/12,8/29/12,unknown,8/29/12,8/29/12,unknown,A
933,A_933,8/29/12,8/29/12,unknown,8/29/12,8/29/12,unknown,B
934,A_934,8/29/12,8/29/12,unknown,8/29/12,8/29/12,unknown,A
935,A_935,8/29/12,8/29/12,unknown,8/29/12,8/29/12,unknown,A
936,A_936,8/29/12,8/29/12,unknown,8/29/12,8/29/12,unknown,A
937,A_937,8/29/12,8/29/12,unknown,8/29/12,8/29/12,unknown,A
938,A_938,8/29/12,8/29/12,unknown,8/29/12,8/29/12,unknown,A
939,A_939,8/29/12,8/29/12,unknown,8/29/12,8/29/12,unknown,A
940,A_940,8/29/12,8/29/12,unknown,8/29/12,8/29/12,unknown,A
941,A_941,8/29/12,8/29/12,unknown,8/29/12,8/29/12,unknown,A
942,A_942,8/29/12,8/29/12,unknown,8/29/12,8/29/12,unknown,A
943,A_943,8/29/12,8/29/12,unknown,8/29/12,8/29/12,unknown,A
944,A_944,8/29/12,8/29/12,unknown,8/29/12,8/29/12,unknown,A
945,A_945,8/29/12,8/29/12,unknown,8/29/12,8/29/12,unknown,A
946,A_946,8/29/12,8/29/12,unknown,8/29/12,8/29/12,unknown,A
947,A_947,8/29/12,8/29/12,unknown,8/29/12,8/29/12,unknown,A
948,A_948,8/29/12,8/29/12,unknown,8/29/12,8/29/12,unknown,A
949,A_949,8/29/12,8/29/12,unknown,8/29/12,8/29/12,unknown,A
950,A_950,8/29/12,8/29/12,unknown,8/29/12,8/29/12,unknown,A
951,A_951,8/29/12,8/29/12,unknown,8/29/12,8/29/12,unknown,A
952,A_952,8/29/12,8/29/12,unknown,8/29/12,8/29/12,unknown,A
953,A_953,8/29/12,8/29/12,unknown,8/29/12,8/29/12,unknown,A
954,A_954,8/29/12,8/29/12,unknown,8/29/12,8/29/12,unknown,A
955,A_955,8/29/12,8/29/12,unknown,8/29/12,8/29/12,unknown,A
956,A_956,8/29/12,8/29/12,unknown,8/29/12,8/29/12,unknown,A
957,A_957,8/29/12,8/29/12,unknown,8/29/12,8/29/12,unknown,A
958,A_958,8/29/12,8/29/12,unknown,8/29/12,8/29/12,unknown,A
959,A_959,8/29/12,8/29/12,unknown,8/29/12,8/29/12,unknown,A
960,A_960,8/29/12,8/29/12,unknown,8/29/12,8/29/12,unknown,A
961,A_961,8/29/12,8/29/12,unknown,8/29/12,8/29/12,unknown,A
962,A_962,8/29/12,8/29/12,unknown,8/29/12,8/29/12,unknown,A
963,A_963,8/29/12,8/29/12,unknown,8/29/12,8/29/12,unknown,A
964,A_964,8/29/12,8/29/12,unknown,8/29/12,8/29/12,unknown,A
965,A_965,8/29/12,8/29/12,unknown,8/29/12,8/29/12,unknown,E
966,A_966,8/29/12,8/29/12,unknown,8/29/12,8/29/12,unknown,A
967,A_967,8/29/12,8/29/12,unknown,8/29/12,8/29/12,unknown,A
968,A_968,8/29/12,8/29/12,unknown,8/29/12,8/29/12,unknown,A
969,A_969,8/29/12,8/29/12,unknown,8/29/12,8/29/12,unknown,A
970,A_970,8/29/12,8/29/12,unknown,8/29/12,8/29/12,unknown,A
971,A_971,8/29/12,8/29/12,unknown,8/29/12,8/29/12,unknown,C
972,A_972,8/29/12,8/29/12,unknown,8/29/12,8/29/12,unknown,B
973,A_973,8/29/12,8/29/12,unknown,8/29/12,8/29/12,unknown,A
974,A_974,8/29/12,8/29/12,unknown,8/29/12,8/29/12,unknown,A
975,A_975,8/29/12,8/29/12,unknown,8/29/12,8/29/12,unknown,A
976,A_976,8/29/12,8/29/12,unknown,8/29/12,8/29/12,unknown,A
977,A_977,8/29/12,8/29/12,unknown,8/29/12,8/29/12,unknown,A
978,A_978,8/29/12,8/29/12,unknown,8/29/12,8/29/12,unknown,A
979,A_979,8/29/12,8/29/12,unknown,8/29/12,8/29/12,unknown,B
980,A_980,8/29/12,8/29/12,unknown,8/29/12,8/29/12,unknown,E
981,A_981,8/29/12,8/29/12,unknown,8/29/12,8/29/12,unknown,A
982,A_982,8/29/12,8/29/12,unknown,8/29/12,8/29/12,unknown,C
983,A_983,8/29/12,8/29/12,unknown,8/29/12,8/29/12,unknown,A
984,A_984,8/29/12,8/29/12,unknown,8/29/12,8/29/12,unknown,A
985,A_985,8/29/12,8/29/12,unknown,8/29/12,8/29/12,unknown,A
986,A_986,8/29/12,8/29/12,unknown,8/29/12,8/29/12,unknown,A
987,A_987,8/29/12,8/29/12,unknown,8/29/12,8/29/12,unknown,A
988,A_988,8/29/12,8/29/12,unknown,8/29/12,8/29/12,unknown,A
989,A_989,8/29/12,8/29/12,unknown,8/29/12,8/29/12,unknown,A
990,A_990,8/29/12,8/29/12,unknown,8/29/12,8/29/12,unknown,A
991,A_991,8/29/12,8/29/12,unknown,8/29/12,8/29/12,unknown,A
992,A_992,8/29/12,8/29/12,unknown,8/29/12,8/29/12,unknown,A
993,A_993,8/29/12,8/29/12,unknown,8/29/12,8/29/12,unknown,A
994,A_994,8/29/12,8/29/12,unknown,8/29/12,8/29/12,unknown,A
995,A_995,8/29/12,8/29/12,unknown,8/29/12,8/29/12,unknown,A
996,A_996,8/29/12,8/29/12,unknown,8/29/12,8/29/12,unknown,A
997,A_997,8/29/12,8/29/12,unknown,8/29/12,8/29/12,unknown,A
998,A_998,8/29/12,8/29/12,unknown,8/29/12,8/29/12,unknown,A
999,A_999,8/29/12,8/29/12,unknown,8/29/12,8/29/12,unknown,E
1000,A_1000,8/29/12,8/29/12,unknown,8/29/12,8/29/12,unknown,A
